,Open,High,Low,Close,Volume,min,max
Open,1.0,0.9979720363292938,0.9684270134470506,0.9962878058945511,-0.4632674610707579,0.9962878058945511,0.8748668456287007
High,0.9979720363292938,1.0,0.9576432515547725,0.9917469129890542,-0.4314481838720451,0.9917469129890542,0.8934863437883137
Low,0.9684270134470506,0.9576432515547725,1.0,0.9861548672807077,-0.6678684894868944,0.9861548672807077,0.7437945284773055
Close,0.9962878058945511,0.9917469129890542,0.9861548672807077,1.0,-0.5370143272940421,1.0,0.8367275749028759
Volume,-0.4632674610707579,-0.4314481838720451,-0.6678684894868944,-0.5370143272940421,1.0,-0.5370143272940416,-0.016124711582168952
min,0.9962878058945511,0.9917469129890542,0.9861548672807077,1.0,-0.5370143272940416,1.0,0.8367275749028759
max,0.8748668456287007,0.8934863437883137,0.7437945284773055,0.8367275749028759,-0.016124711582168952,0.8367275749028759,1.0
