,Open,High,Low,Close,Volume,min,max
Open,1.0,0.9985533746316929,0.9977119644739669,0.9967110599693584,-0.06228747332026445,0.9939553701096608,0.9953893163191144
High,0.9985533746316929,1.0,0.9968626395373786,0.9974154880900992,-0.043422114524888075,0.9932139156068214,0.9949533791891472
Low,0.9977119644739669,0.9968626395373786,1.0,0.9985150286331671,-0.09320044175586409,0.9951691216333934,0.9952753951579147
Close,0.9967110599693584,0.9974154880900992,0.9985150286331671,1.0,-0.07505790511555913,0.9946058747951583,0.9950137968227922
Volume,-0.06228747332026445,-0.043422114524888075,-0.09320044175586409,-0.07505790511555913,1.0,-0.07635711384077606,-0.06605484795104881
min,0.9939553701096608,0.9932139156068214,0.9951691216333934,0.9946058747951583,-0.07635711384077606,1.0,0.9962480732455741
max,0.9953893163191144,0.9949533791891472,0.9952753951579147,0.9950137968227922,-0.06605484795104881,0.9962480732455741,1.0
