,Open,High,Low,Close,Volume,min,max
Open,1.0,0.9931573815328479,0.7856233538653092,0.8597771123441192,0.06329252044797905,0.8597771123441192,0.9888001392304191
High,0.9931573815328479,1.0,0.7105360041237506,0.7963445888444607,0.1741443833552172,0.7963445888444607,0.9753113156771308
Low,0.7856233538653092,0.7105360041237506,1.0,0.9908054886482837,-0.5598307988134172,0.9908054886482837,0.8222518462656708
Close,0.8597771123441192,0.7963445888444607,0.9908054886482837,1.0,-0.45276500449117263,1.0,0.891136531527142
Volume,0.06329252044797905,0.1741443833552172,-0.5598307988134172,-0.45276500449117263,1.0,-0.4527650044911762,-0.02833113551512458
min,0.8597771123441192,0.7963445888444607,0.9908054886482837,1.0,-0.4527650044911762,1.0,0.891136531527142
max,0.9888001392304191,0.9753113156771308,0.8222518462656708,0.891136531527142,-0.02833113551512458,0.891136531527142,1.0
