,Open,High,Low,Close,Volume,min,max
Open,1.0,1.0,0.9995425002843632,0.9988720555531994,-0.1682602870625014,0.9988720555531994,0.9998269868630753
High,1.0,1.0,0.9995425002843632,0.9988720555531994,-0.1682602870625014,0.9988720555531994,0.9998269868630753
Low,0.9995425002843632,0.9995425002843632,1.0,0.9998512128934285,-0.138369032547099,0.9998512128934285,0.9999321621020696
Close,0.9988720555531994,0.9988720555531994,0.9998512128934285,1.0,-0.12126467650270568,1.0,0.9995824640961506
Volume,-0.1682602870625014,-0.1682602870625014,-0.138369032547099,-0.12126467650270568,1.0,-0.12126467650270499,-0.14989540050362124
min,0.9988720555531994,0.9988720555531994,0.9998512128934285,1.0,-0.12126467650270499,1.0,0.9995824640961506
max,0.9998269868630753,0.9998269868630753,0.9999321621020696,0.9995824640961506,-0.14989540050362124,0.9995824640961506,1.0
