,Open,High,Low,Close,Volume,min,max
Open,1.0,0.9986929175295461,0.9996010522122014,0.9985408214834913,0.9310946010361739,0.9724647228591293,0.9985408214834913
High,0.9986929175295461,1.0,0.9995516799570863,0.9999953067902866,0.9431368063717163,0.9641450191968537,0.9999953067902866
Low,0.9996010522122014,0.9995516799570863,1.0,0.9994561307275761,0.9406642038437789,0.9660765610909081,0.9994561307275761
Close,0.9985408214834913,0.9999953067902866,0.9994561307275761,1.0,0.9434771834781935,0.9637941655508633,1.0
Volume,0.9310946010361739,0.9431368063717163,0.9406642038437789,0.9434771834781935,1.0,0.8215030869860731,0.943477183478195
min,0.9724647228591293,0.9641450191968537,0.9660765610909081,0.9637941655508633,0.8215030869860731,1.0,0.9637941655508666
max,0.9985408214834913,0.9999953067902866,0.9994561307275761,1.0,0.943477183478195,0.9637941655508666,1.0
