,Open,High,Low,Close,Volume,min,max
Open,1.0,0.9941893515231072,0.993363492187066,0.9898472088343487,0.2839470522271613,0.9786185131463191,0.986031158933344
High,0.9941893515231072,1.0,0.9900154333821457,0.994772371421947,0.3307280761765281,0.9755427532330669,0.9895788692405997
Low,0.993363492187066,0.9900154333821457,1.0,0.9924789590308829,0.23730791080924024,0.9764767923367242,0.979214659749726
Close,0.9898472088343487,0.994772371421947,0.9924789590308829,1.0,0.2839049323120934,0.9744020711795987,0.9851879114150708
Volume,0.2839470522271613,0.3307280761765281,0.23730791080924024,0.2839049323120934,1.0,0.28167122217530866,0.34187187941079705
min,0.9786185131463191,0.9755427532330669,0.9764767923367242,0.9744020711795987,0.28167122217530866,1.0,0.980946314411059
max,0.986031158933344,0.9895788692405997,0.979214659749726,0.9851879114150708,0.34187187941079705,0.980946314411059,1.0
