,Open,High,Low,Close,Volume,min,max
Open,1.0,0.9941613764145827,0.9956525760962432,0.9920029446368615,0.01094006269020025,0.9697028662550098,0.9825040739720695
High,0.9941613764145827,1.0,0.9919208356901681,0.9953314131681937,0.047802459392884064,0.9615095389314549,0.9830593616484818
Low,0.9956525760962432,0.9919208356901681,1.0,0.9943920765284756,-0.03103348354308068,0.9723077001065711,0.9795011698503898
Close,0.9920029446368615,0.9953314131681937,0.9943920765284756,1.0,0.015776721246013366,0.9635635617374536,0.979936773595042
Volume,0.01094006269020025,0.047802459392884064,-0.03103348354308068,0.015776721246013366,1.0,-0.044860974173132694,0.03244088167470745
min,0.9697028662550098,0.9615095389314549,0.9723077001065711,0.9635635617374536,-0.044860974173132694,1.0,0.9639737218003938
max,0.9825040739720695,0.9830593616484818,0.9795011698503898,0.979936773595042,0.03244088167470745,0.9639737218003938,1.0
