,Open,High,Low,Close,Volume,min,max
Open,1.0,0.9986490526301044,0.9950048368684475,0.9950885763371239,-0.7286615694817269,0.9950885763371239,0.9860759145422036
High,0.9986490526301044,1.0,0.9983214186103939,0.998184305286808,-0.7329475054296002,0.998184305286808,0.9928076165154951
Low,0.9950048368684475,0.9983214186103939,1.0,0.9999585043153383,-0.7324445920395458,0.9999585043153383,0.9943323771098764
Close,0.9950885763371239,0.998184305286808,0.9999585043153383,1.0,-0.7356011051931314,1.0,0.9939752614492238
Volume,-0.7286615694817269,-0.7329475054296002,-0.7324445920395458,-0.7356011051931314,1.0,-0.7356011051931314,-0.7736760921612543
min,0.9950885763371239,0.998184305286808,0.9999585043153383,1.0,-0.7356011051931314,1.0,0.9939752614492238
max,0.9860759145422036,0.9928076165154951,0.9943323771098764,0.9939752614492238,-0.7736760921612543,0.9939752614492238,1.0
