,Open,High,Low,Close,Volume,min,max
Open,1.0,0.996460012523737,0.9838040615012026,0.990322739700365,0.3908388933703066,0.9750559293645054,0.9820584588931766
High,0.996460012523737,1.0,0.9832328276224572,0.9935941940781234,0.4014720190432555,0.9770695879014513,0.9841671425754592
Low,0.9838040615012026,0.9832328276224572,1.0,0.9922222952792445,0.26081169809916505,0.974276903155665,0.9691973930779446
Close,0.990322739700365,0.9935941940781234,0.9922222952792445,1.0,0.3465796710326234,0.9795644453136916,0.9783491058993328
Volume,0.3908388933703066,0.4014720190432555,0.26081169809916505,0.3465796710326234,1.0,0.34190551301123073,0.40707100802991214
min,0.9750559293645054,0.9770695879014513,0.974276903155665,0.9795644453136916,0.34190551301123073,1.0,0.9829810284270932
max,0.9820584588931766,0.9841671425754592,0.9691973930779446,0.9783491058993328,0.40707100802991214,0.9829810284270932,1.0
