,Open,High,Low,Close,Volume,min,max
Open,1.0,0.9984322983612385,0.9980655214937069,0.9967815244108733,0.2220788889136276,0.9801432945022829,0.9919835587683516
High,0.9984322983612385,1.0,0.9974614025272551,0.9985510925680743,0.23138108862279538,0.9793885136499889,0.9927926064944801
Low,0.9980655214937069,0.9974614025272551,1.0,0.9983841662954513,0.18719619862098352,0.9832694770332099,0.9902032972269169
Close,0.9967815244108733,0.9985510925680743,0.9983841662954513,1.0,0.20818588132065757,0.9815878282637803,0.9911903930033145
Volume,0.2220788889136276,0.23138108862279538,0.18719619862098352,0.20818588132065757,1.0,0.1561126171449384,0.24225289168919903
min,0.9801432945022829,0.9793885136499889,0.9832694770332099,0.9815878282637803,0.1561126171449384,1.0,0.9770490732843267
max,0.9919835587683516,0.9927926064944801,0.9902032972269169,0.9911903930033145,0.24225289168919903,0.9770490732843267,1.0
