,Open,High,Low,Close,Volume,min,max
Open,1.0,0.9992670461527597,0.9208710560388128,0.9302120775209739,0.41561092151668066,0.9302120775209739,0.9759461671510103
High,0.9992670461527597,1.0,0.9124166668725424,0.9222732063699906,0.4308396452080227,0.9222732063699906,0.9748330894478001
Low,0.9208710560388128,0.9124166668725424,1.0,0.9992725932558635,0.0366246500430416,0.9992725932558635,0.9572931625514246
Close,0.9302120775209739,0.9222732063699906,0.9992725932558635,1.0,0.06480603775821339,1.0,0.9610633116693493
Volume,0.41561092151668066,0.4308396452080227,0.0366246500430416,0.06480603775821339,1.0,0.06480603775821298,0.27735365926538547
min,0.9302120775209739,0.9222732063699906,0.9992725932558635,1.0,0.06480603775821298,1.0,0.9610633116693493
max,0.9759461671510103,0.9748330894478001,0.9572931625514246,0.9610633116693493,0.27735365926538547,0.9610633116693493,1.0
