,Open,High,Low,Close,Volume,min,max
Open,1.0,0.9897432403990998,0.9996809081598989,0.98748495670115,-0.5708012372454712,0.9932738010779556,0.98748495670115
High,0.9897432403990998,1.0,0.9858865536999755,0.9986821544851066,-0.45275705949484857,0.977341393506429,0.9986821544851066
Low,0.9996809081598989,0.9858865536999755,1.0,0.9834871487654732,-0.5911714238341312,0.9938143830149186,0.9834871487654732
Close,0.98748495670115,0.9986821544851066,0.9834871487654732,1.0,-0.45165738222024526,0.9800562914720727,1.0
Volume,-0.5708012372454712,-0.45275705949484857,-0.5911714238341312,-0.45165738222024526,1.0,-0.6013276943697411,-0.4516573822202447
min,0.9932738010779556,0.977341393506429,0.9938143830149186,0.9800562914720727,-0.6013276943697411,1.0,0.9800562914720744
max,0.98748495670115,0.9986821544851066,0.9834871487654732,1.0,-0.4516573822202447,0.9800562914720744,1.0
