,Open,High,Low,Close,Volume,min,max
Open,1.0,0.989902139095166,0.9919158592985998,0.9842907947244214,-0.24469560288082615,0.9633846861242868,0.9618422144446158
High,0.989902139095166,1.0,0.9882956839327495,0.9923138914510662,-0.16557693748894506,0.9527525801411623,0.9618101868585608
Low,0.9919158592985998,0.9882956839327495,1.0,0.9908756439305414,-0.25821413067595816,0.967592741523151,0.9652146243117602
Close,0.9842907947244214,0.9923138914510662,0.9908756439305414,1.0,-0.19111377919444517,0.956171173301199,0.9640626905082126
Volume,-0.24469560288082615,-0.16557693748894506,-0.25821413067595816,-0.19111377919444517,1.0,-0.32275727335010473,-0.22008426272354675
min,0.9633846861242868,0.9527525801411623,0.967592741523151,0.956171173301199,-0.32275727335010473,1.0,0.9514208693628389
max,0.9618422144446158,0.9618101868585608,0.9652146243117602,0.9640626905082126,-0.22008426272354675,0.9514208693628389,1.0
