,Open,High,Low,Close,Volume,min,max
Open,1.0,0.9977057003511446,0.9999192949145145,0.9980831173957214,0.3377167336931264,0.9997533049875383,0.9980831173957214
High,0.9977057003511446,1.0,0.9979969046464018,0.9999407116891819,0.3951106650556071,0.9969101568656572,0.9999407116891819
Low,0.9999192949145145,0.9979969046464018,1.0,0.9984394681097932,0.33800405711270626,0.9998649311896747,0.9984394681097932
Close,0.9980831173957214,0.9999407116891819,0.9984394681097932,1.0,0.3863345142863349,0.9975211385291747,1.0
Volume,0.3377167336931264,0.3951106650556071,0.33800405711270626,0.3863345142863349,1.0,0.3227145233911239,0.38633451428633425
min,0.9997533049875383,0.9969101568656572,0.9998649311896747,0.9975211385291747,0.3227145233911239,1.0,0.9975211385291736
max,0.9980831173957214,0.9999407116891819,0.9984394681097932,1.0,0.38633451428633425,0.9975211385291736,1.0
