,Open,High,Low,Close,Volume,min,max
Open,1.0,0.9997430587912007,0.9819306535521729,0.9846704860066233,0.19481643861647216,0.9846704860066233,0.9954368553766858
High,0.9997430587912007,1.0,0.9787243547708296,0.9817392802558765,0.2144167651484752,0.9817392802558765,0.9939165772012561
Low,0.9819306535521729,0.9787243547708296,1.0,0.9998279767326798,0.01536218457113073,0.9998279767326798,0.9934905613808109
Close,0.9846704860066233,0.9817392802558765,0.9998279767326798,1.0,0.030740049142914436,1.0,0.9945034286246145
Volume,0.19481643861647216,0.2144167651484752,0.01536218457113073,0.030740049142914436,1.0,0.030740049142913978,0.1161217193695694
min,0.9846704860066233,0.9817392802558765,0.9998279767326798,1.0,0.030740049142913978,1.0,0.9945034286246145
max,0.9954368553766858,0.9939165772012561,0.9934905613808109,0.9945034286246145,0.1161217193695694,0.9945034286246145,1.0
