,Open,High,Low,Close,Volume,min,max
Open,1.0,0.8862545473577419,0.9974879414947065,0.9295188877524106,-0.7094580514627724,0.8603766533278356,0.9295188877524106
High,0.8862545473577419,1.0,0.9026936699353985,0.9932560409919141,-0.3271724805051704,0.9574748296981799,0.9932560409919141
Low,0.9974879414947065,0.9026936699353985,1.0,0.9439957096964262,-0.6847451405808617,0.8732877586916273,0.9439957096964262
Close,0.9295188877524106,0.9932560409919141,0.9439957096964262,1.0,-0.4310818081214133,0.9610487705125252,1.0
Volume,-0.7094580514627724,-0.3271724805051704,-0.6847451405808617,-0.4310818081214133,1.0,-0.40980116218413126,-0.43108180812141766
min,0.8603766533278356,0.9574748296981799,0.8732877586916273,0.9610487705125252,-0.40980116218413126,1.0,0.9610487705125281
max,0.9295188877524106,0.9932560409919141,0.9439957096964262,1.0,-0.43108180812141766,0.9610487705125281,1.0
