,Open,High,Low,Close,Volume,min,max
Open,1.0,0.9934706235239923,0.9979406669403496,0.9895441664061482,-0.7183865452719631,0.9298550979693937,0.9895441664061482
High,0.9934706235239923,1.0,0.991225945021056,0.9977194712563919,-0.6861671364478309,0.9204347745559858,0.9977194712563919
Low,0.9979406669403496,0.991225945021056,1.0,0.990517370908748,-0.7491116208852915,0.9479901935480592,0.990517370908748
Close,0.9895441664061482,0.9977194712563919,0.990517370908748,1.0,-0.6875988753249146,0.9273179732583428,1.0
Volume,-0.7183865452719631,-0.6861671364478309,-0.7491116208852915,-0.6875988753249146,1.0,-0.8577892776371557,-0.6875988753249149
min,0.9298550979693937,0.9204347745559858,0.9479901935480592,0.9273179732583428,-0.8577892776371557,1.0,0.9273179732583456
max,0.9895441664061482,0.9977194712563919,0.990517370908748,1.0,-0.6875988753249149,0.9273179732583456,1.0
