,Open,High,Low,Close,Volume,min,max
Open,1.0,0.9951978555064005,0.9924767338508615,0.9890614973416562,0.40620452570266224,0.9783745022971673,0.9825605288032491
High,0.9951978555064005,1.0,0.9900905265013101,0.9932011617728789,0.4424733620026447,0.9769353941019949,0.9815378053839693
Low,0.9924767338508615,0.9900905265013101,1.0,0.9954564507301827,0.35525194168771795,0.9808607076973536,0.9814021894569335
Close,0.9890614973416562,0.9932011617728789,0.9954564507301827,1.0,0.40139384873446116,0.9792984387540908,0.9816902062386546
Volume,0.40620452570266224,0.4424733620026447,0.35525194168771795,0.40139384873446116,1.0,0.3646278096148217,0.4096378617155067
min,0.9783745022971673,0.9769353941019949,0.9808607076973536,0.9792984387540908,0.3646278096148217,1.0,0.9849059702348248
max,0.9825605288032491,0.9815378053839693,0.9814021894569335,0.9816902062386546,0.4096378617155067,0.9849059702348248,1.0
