,Open,High,Low,Close,Volume,min,max
Open,1.0,0.9996064538998255,0.9995050189000194,0.9992627247096084,-0.5114894334122558,0.9992627247096084,0.9965032164271829
High,0.9996064538998255,1.0,0.9988936513757415,0.9985350487554645,-0.48726392421692316,0.9985350487554645,0.997826861987172
Low,0.9995050189000194,0.9988936513757415,1.0,0.9998690601456617,-0.5192953496279099,0.9998690601456617,0.9966772640634313
Close,0.9992627247096084,0.9985350487554645,0.9998690601456617,1.0,-0.5220238293278457,1.0,0.9969398797750963
Volume,-0.5114894334122558,-0.48726392421692316,-0.5192953496279099,-0.5220238293278457,1.0,-0.5220238293278456,-0.45676559714028375
min,0.9992627247096084,0.9985350487554645,0.9998690601456617,1.0,-0.5220238293278456,1.0,0.9969398797750963
max,0.9965032164271829,0.997826861987172,0.9966772640634313,0.9969398797750963,-0.45676559714028375,0.9969398797750963,1.0
