,Open,High,Low,Close,Volume,min,max
Open,1.0,0.9848495569650707,0.9898302124479711,0.9824804592049642,0.3553299064394776,0.9745287351055094,0.965162197164016
High,0.9848495569650707,1.0,0.977913658274434,0.992773389592084,0.43169604662715905,0.9572222801900846,0.9756802373920885
Low,0.9898302124479711,0.977913658274434,1.0,0.9856912980097685,0.3144725292367045,0.974190530656685,0.9601374658729073
Close,0.9824804592049642,0.992773389592084,0.9856912980097685,1.0,0.3942542255751305,0.9628154999006963,0.9745442126360188
Volume,0.3553299064394776,0.43169604662715905,0.3144725292367045,0.3942542255751305,1.0,0.3250169840510931,0.43191497396849143
min,0.9745287351055094,0.9572222801900846,0.974190530656685,0.9628154999006963,0.3250169840510931,1.0,0.9523149629691695
max,0.965162197164016,0.9756802373920885,0.9601374658729073,0.9745442126360188,0.43191497396849143,0.9523149629691695,1.0
