,Open,High,Low,Close,Volume,min,max
Open,1.0,0.9989767497978188,0.9858644692129156,0.9813119277986957,-0.9411997837172852,0.9813119277986957,0.8384495221891377
High,0.9989767497978188,1.0,0.9902050056877746,0.9878478903370673,-0.9463453422555365,0.9878478903370673,0.8446151784712774
Low,0.9858644692129156,0.9902050056877746,1.0,0.9985614629078191,-0.9806189537261963,0.9985614629078191,0.9069549843917302
Close,0.9813119277986957,0.9878478903370673,0.9985614629078191,1.0,-0.9758836177419256,1.0,0.898864050111567
Volume,-0.9411997837172852,-0.9463453422555365,-0.9806189537261963,-0.9758836177419256,1.0,-0.9758836177419227,-0.9718944172083317
min,0.9813119277986957,0.9878478903370673,0.9985614629078191,1.0,-0.9758836177419227,1.0,0.898864050111567
max,0.8384495221891377,0.8446151784712774,0.9069549843917302,0.898864050111567,-0.9718944172083317,0.898864050111567,1.0
