,Open,High,Low,Close,Volume,min,max
Open,1.0,0.9994916035174941,0.9994597339883754,0.999347786753332,0.4491035330503287,0.9961791784042124,0.999347786753332
High,0.9994916035174941,1.0,0.9982115891077623,0.9998731272326563,0.4630888194828727,0.9969075093525503,0.9998731272326563
Low,0.9994597339883754,0.9982115891077623,1.0,0.9979678205767554,0.45253311387930584,0.9964139886471899,0.9979678205767554
Close,0.999347786753332,0.9998731272326563,0.9979678205767554,1.0,0.45346492002010425,0.9960333138524378,1.0
Volume,0.4491035330503287,0.4630888194828727,0.45253311387930584,0.45346492002010425,1.0,0.5230493901407142,0.4534649200201048
min,0.9961791784042124,0.9969075093525503,0.9964139886471899,0.9960333138524378,0.5230493901407142,1.0,0.9960333138524387
max,0.999347786753332,0.9998731272326563,0.9979678205767554,1.0,0.4534649200201048,0.9960333138524387,1.0
