,Open,High,Low,Close,Volume,min,max
Open,1.0,0.9666874077008183,0.9999990587661577,0.9679646503489884,0.6143571389041108,0.9639989534975928,0.9679646503489884
High,0.9666874077008183,1.0,0.9670376824893102,0.9999873095013542,0.3919317849179693,0.9999469230558691,0.9999873095013542
Low,0.9999990587661577,0.9670376824893102,1.0,0.9683082375368001,0.6132739903196053,0.9643628772484477,0.9683082375368001
Close,0.9679646503489884,0.9999873095013542,0.9683082375368001,1.0,0.3965616868007485,0.9998823275186605,1.0
Volume,0.6143571389041108,0.3919317849179693,0.6132739903196053,0.3965616868007485,1.0,0.38243231425029867,0.3965616868007485
min,0.9639989534975928,0.9999469230558691,0.9643628772484477,0.9998823275186605,0.38243231425029867,1.0,0.9998823275186528
max,0.9679646503489884,0.9999873095013542,0.9683082375368001,1.0,0.3965616868007485,0.9998823275186528,1.0
