,Open,High,Low,Close,Volume,min,max
Open,1.0,0.9896607926160903,0.9815889283908944,0.9699526320147869,-0.03079826499871357,0.9223438297810699,0.9392135379774642
High,0.9896607926160903,1.0,0.9770876283196928,0.9807479136161441,-0.007836119528097906,0.9157227682033875,0.9441115102668822
Low,0.9815889283908944,0.9770876283196928,1.0,0.9887454791698148,-0.11433542635448604,0.9503441981219916,0.9336339509907262
Close,0.9699526320147869,0.9807479136161441,0.9887454791698148,1.0,-0.09090406819527681,0.938611392514343,0.9332606419499795
Volume,-0.03079826499871357,-0.007836119528097906,-0.11433542635448604,-0.09090406819527681,1.0,-0.1946688831172459,-0.03756950343049057
min,0.9223438297810699,0.9157227682033875,0.9503441981219916,0.938611392514343,-0.1946688831172459,1.0,0.9102735495598616
max,0.9392135379774642,0.9441115102668822,0.9336339509907262,0.9332606419499795,-0.03756950343049057,0.9102735495598616,1.0
