,Open,High,Low,Close,Volume,min,max
Open,1.0,0.99728074979263,0.9499365930631822,0.9496709729091721,0.125953066970756,0.9496709729091721,0.9342665690348217
High,0.99728074979263,1.0,0.939068957597174,0.9418314463645785,0.17236542514160308,0.9418314463645785,0.9528388569908002
Low,0.9499365930631822,0.939068957597174,1.0,0.9989914607623106,-0.16023647483619552,0.9989914607623106,0.827246271893214
Close,0.9496709729091721,0.9418314463645785,0.9989914607623106,1.0,-0.14040706687363344,1.0,0.8398412022760209
Volume,0.125953066970756,0.17236542514160308,-0.16023647483619552,-0.14040706687363344,1.0,-0.14040706687363072,0.41824413454372705
min,0.9496709729091721,0.9418314463645785,0.9989914607623106,1.0,-0.14040706687363072,1.0,0.8398412022760209
max,0.9342665690348217,0.9528388569908002,0.827246271893214,0.8398412022760209,0.41824413454372705,0.8398412022760209,1.0
