,Open,High,Low,Close,Volume,min,max
Open,1.0,0.9981756473283473,0.9990209863369867,0.9980987167044251,0.9239931865930986,0.9580058286105053,0.9980987167044251
High,0.9981756473283473,1.0,0.9950693339975203,0.9999303828719142,0.9192148987543689,0.9477792836559978,0.9999303828719142
Low,0.9990209863369867,0.9950693339975203,1.0,0.9949167139960655,0.930275168344877,0.9685692855147632,0.9949167139960655
Close,0.9980987167044251,0.9999303828719142,0.9949167139960655,1.0,0.9149094829168224,0.9464698291026512,1.0
Volume,0.9239931865930986,0.9192148987543689,0.930275168344877,0.9149094829168224,1.0,0.9574698546430767,0.9149094829168242
min,0.9580058286105053,0.9477792836559978,0.9685692855147632,0.9464698291026512,0.9574698546430767,1.0,0.9464698291026519
max,0.9980987167044251,0.9999303828719142,0.9949167139960655,1.0,0.9149094829168242,0.9464698291026519,1.0
