,Open,High,Low,Close,Volume,min,max
Open,1.0,0.9974476856906999,0.9975059567015457,0.9997078285094918,0.2993682159396202,0.9997078285094918,0.895851991544193
High,0.9974476856906999,1.0,0.990443517443969,0.9955899616167607,0.36070296164533294,0.9955899616167607,0.9235079242214129
Low,0.9975059567015457,0.990443517443969,1.0,0.9989199997520365,0.2313196210722329,0.9989199997520365,0.8624899389257308
Close,0.9997078285094918,0.9955899616167607,0.9989199997520365,1.0,0.276218942701695,1.0,0.8848994629091484
Volume,0.2993682159396202,0.36070296164533294,0.2313196210722329,0.276218942701695,1.0,0.276218942701695,0.6905667724800356
min,0.9997078285094918,0.9955899616167607,0.9989199997520365,1.0,0.276218942701695,1.0,0.8848994629091484
max,0.895851991544193,0.9235079242214129,0.8624899389257308,0.8848994629091484,0.6905667724800356,0.8848994629091484,1.0
