,Open,High,Low,Close,Volume,min,max
Open,1.0,0.9992747760111211,0.9994698199273222,0.9998317012255108,0.2636299042187504,0.9695573598995608,0.9998317012255108
High,0.9992747760111211,1.0,0.9975380129029764,0.9997753892791861,0.2967155240159059,0.9602170876077761,0.9997753892791861
Low,0.9994698199273222,0.9975380129029764,1.0,0.9987075792589987,0.23799316501356285,0.9755650148045368,0.9987075792589987
Close,0.9998317012255108,0.9997753892791861,0.9987075792589987,1.0,0.27696735446806553,0.9658244453362073,1.0
Volume,0.2636299042187504,0.2967155240159059,0.23799316501356285,0.27696735446806553,1.0,0.03668867013163688,0.2769673544680655
min,0.9695573598995608,0.9602170876077761,0.9755650148045368,0.9658244453362073,0.03668867013163688,1.0,0.9658244453362077
max,0.9998317012255108,0.9997753892791861,0.9987075792589987,1.0,0.2769673544680655,0.9658244453362077,1.0
