,Open,High,Low,Close,Volume,min,max
Open,1.0,0.9980250194538761,0.9975208851597079,0.9956711693066531,0.3077582161737412,0.9933365606631401,0.9941216894307349
High,0.9980250194538761,1.0,0.9971263813982962,0.997719452092979,0.32422070854715374,0.9919871077476019,0.9953933306381294
Low,0.9975208851597079,0.9971263813982962,1.0,0.9982854318754195,0.2759365341073504,0.9944239022104334,0.993599632336058
Close,0.9956711693066531,0.997719452092979,0.9982854318754195,1.0,0.28989467284063103,0.9926085051761047,0.9944670792747238
Volume,0.3077582161737412,0.32422070854715374,0.2759365341073504,0.28989467284063103,1.0,0.27367006279763995,0.30755247503967525
min,0.9933365606631401,0.9919871077476019,0.9944239022104334,0.9926085051761047,0.27367006279763995,1.0,0.9928829651002999
max,0.9941216894307349,0.9953933306381294,0.993599632336058,0.9944670792747238,0.30755247503967525,0.9928829651002999,1.0
